Taxon name,Taxonomy,Count,Proportion(%)
Lactobacillus reuteri group,Bacteria;Firmicutes;Bacilli;Lactobacillales;Lactobacillaceae;Lactobacillus;Lactobacillus reuteri group,4678,8.0565
Lactobacillus gasseri group,Bacteria;Firmicutes;Bacilli;Lactobacillales;Lactobacillaceae;Lactobacillus;Lactobacillus gasseri group,4678,7.8016
PAC001127_g PAC002399_s,Bacteria;Bacteroidetes;Bacteroidia;Bacteroidales;Muribaculaceae;PAC001127_g;PAC002399_s,3111,5.3578
Desulfovibrio PAC001079_s,Bacteria;Proteobacteria;Deltaproteobacteria;Desulfovibrionales;Desulfovibrionaceae;Desulfovibrio;PAC001079_s,2585,4.4519
PAC000186_g PAC001065_s,Bacteria;Bacteroidetes;Bacteroidia;Bacteroidales;Muribaculaceae;PAC000186_g;PAC001065_s,2434,4.1919
Bacteroides acidifaciens,Bacteria;Bacteroidetes;Bacteroidia;Bacteroidales;Bacteroidaceae;Bacteroides;Bacteroides acidifaciens,2361,4.0661
Lactobacillus murinus group,Bacteria;Firmicutes;Bacilli;Lactobacillales;Lactobacillaceae;Lactobacillus;Lactobacillus murinus group,1951,3.36
Prevotella PAC002481_s,Bacteria;Bacteroidetes;Bacteroidia;Bacteroidales;Prevotellaceae;Prevotella;PAC002481_s,1827,3.1465
PAC002400_g PAC002400_s,Bacteria;Bacteroidetes;Bacteroidia;Bacteroidales;Muribaculaceae;PAC002400_g;PAC002400_s,1799,3.0983
KE159538_g PAC002428_s,Bacteria;Firmicutes;Clostridia;Clostridiales;Lachnospiraceae;KE159538_g;PAC002428_s,1657,2.8537
KE159538_g PAC001120_s,Bacteria;Firmicutes;Clostridia;Clostridiales;Lachnospiraceae;KE159538_g;PAC001120_s,1559,2.6849
PAC001063_g PAC001063_s,Bacteria;Bacteroidetes;Bacteroidia;Bacteroidales;Muribaculaceae;PAC001063_g;PAC001063_s,1175,2.0236
Lactobacillus intestinalis,Bacteria;Firmicutes;Bacilli;Lactobacillales;Lactobacillaceae;Lactobacillus;Lactobacillus intestinalis,1091,1.8789
Clostridium_g24 PAC001374_s,Bacteria;Firmicutes;Clostridia;Clostridiales;Lachnospiraceae;Clostridium_g24;PAC001374_s,958,1.6499
KE159571_g KE159641_s,Bacteria;Firmicutes;Clostridia;Clostridiales;Lachnospiraceae;KE159571_g;KE159641_s,806,1.3881
Bacteroides vulgatus,Bacteria;Bacteroidetes;Bacteroidia;Bacteroidales;Bacteroidaceae;Bacteroides;Bacteroides vulgatus,774,1.333
PAC001375_g PAC001375_s,Bacteria;Firmicutes;Clostridia;Clostridiales;Lachnospiraceae;PAC001375_g;PAC001375_s,579,0.9972
PAC002482_g EF603735_s,Bacteria;Bacteroidetes;Bacteroidia;Bacteroidales;AC160630_f;PAC002482_g;EF603735_s,554,0.9541
PAC001062_g PAC001062_s,Bacteria;Bacteroidetes;Bacteroidia;Bacteroidales;Muribaculaceae;PAC001062_g;PAC001062_s,546,0.9403
PAC001681_g PAC001681_s,Bacteria;Firmicutes;Clostridia;Clostridiales;Lachnospiraceae;PAC001681_g;PAC001681_s,513,0.8835
Eubacterium_g17 PAC002487_s,Bacteria;Firmicutes;Clostridia;Clostridiales;Lachnospiraceae;Eubacterium_g17;PAC002487_s,507,0.8732
KE159605_g KB822463_s,Bacteria;Firmicutes;Clostridia;Clostridiales;Lachnospiraceae;KE159605_g;KB822463_s,484,0.8335
PAC001068_g PAC001071_s,Bacteria;Bacteroidetes;Bacteroidia;Bacteroidales;Muribaculaceae;PAC001068_g;PAC001071_s,478,0.8232
PAC000664_g PAC001515_s,Bacteria;Firmicutes;Clostridia;Clostridiales;Lachnospiraceae;PAC000664_g;PAC001515_s,471,0.8112
Enterorhabdus caecimuris,Bacteria;Actinobacteria;Coriobacteriia;Coriobacteriales;Coriobacteriaceae;Enterorhabdus;Enterorhabdus caecimuris,469,0.8077
PAC000186_g PAC001064_s,Bacteria;Bacteroidetes;Bacteroidia;Bacteroidales;Muribaculaceae;PAC000186_g;PAC001064_s,408,0.7027
Arthromitus AP012202_s group,Bacteria;Firmicutes;Clostridia;Clostridiales;Clostridiaceae;Arthromitus;AP012202_s group,383,0.6596
Bacteroides caecimuris,Bacteria;Bacteroidetes;Bacteroidia;Bacteroidales;Bacteroidaceae;Bacteroides;Bacteroides caecimuris,360,0.62
Oscillibacter PAC001501_s,Bacteria;Firmicutes;Clostridia;Clostridiales;Ruminococcaceae;Oscillibacter;PAC001501_s,336,0.5787
PAC001199_g PAC001746_s,Bacteria;Firmicutes;Clostridia;Clostridiales;Lachnospiraceae;PAC001199_g;PAC001746_s,325,0.5597
PAC001362_g PAC001362_s,Bacteria;Firmicutes;Erysipelotrichi;Erysipelotrichales;Erysipelotrichaceae;PAC001362_g;PAC001362_s,314,0.5408
KE159628_g KE159628_s,Bacteria;Firmicutes;Clostridia;Clostridiales;Lachnospiraceae;KE159628_g;KE159628_s,300,0.5167
Caproiciproducens EU622658_s,Bacteria;Firmicutes;Clostridia;Clostridiales;Ruminococcaceae;Caproiciproducens;EU622658_s,298,0.5132
Pseudoflavonifractor PAC001550_s,Bacteria;Firmicutes;Clostridia;Clostridiales;Ruminococcaceae;Pseudoflavonifractor;PAC001550_s,297,0.5115
PAC001066_g PAC001066_s,Bacteria;Bacteroidetes;Bacteroidia;Bacteroidales;Muribaculaceae;PAC001066_g;PAC001066_s,288,0.496
PAC000661_g PAC002496_s,Bacteria;Firmicutes;Clostridia;Clostridiales;Ruminococcaceae;PAC000661_g;PAC002496_s,288,0.496
KE159538_g PAC001770_s,Bacteria;Firmicutes;Clostridia;Clostridiales;Lachnospiraceae;KE159538_g;PAC001770_s,272,0.4684
EU456594_g EU456594_s,Bacteria;Actinobacteria;Coriobacteriia;Coriobacteriales;Coriobacteriaceae;EU456594_g;EU456594_s,269,0.4633
PAC001043_g PAC002511_s group,Bacteria;Firmicutes;Clostridia;Clostridiales;Lachnospiraceae;PAC001043_g;PAC002511_s group,245,0.4219
PAC001679_g PAC001679_s,Bacteria;Firmicutes;Clostridia;Clostridiales;Lachnospiraceae;PAC001679_g;PAC001679_s,227,0.3909
Enterorhabdus PAC002410_s,Bacteria;Actinobacteria;Coriobacteriia;Coriobacteriales;Coriobacteriaceae;Enterorhabdus;PAC002410_s,214,0.3686
PAC000664_g PAC001104_s,Bacteria;Firmicutes;Clostridia;Clostridiales;Lachnospiraceae;PAC000664_g;PAC001104_s,212,0.3651
PAC001092_g PAC001382_s,Bacteria;Firmicutes;Clostridia;Clostridiales;Lachnospiraceae;PAC001092_g;PAC001382_s,211,0.3634
Oscillibacter PAC001186_s group,Bacteria;Firmicutes;Clostridia;Clostridiales;Ruminococcaceae;Oscillibacter;PAC001186_s group,206,0.3548
PAC001091_g PAC001558_s,Bacteria;Firmicutes;Clostridia;Clostridiales;Lachnospiraceae;PAC001091_g;PAC001558_s,197,0.3393
Oscillibacter PAC001188_s,Bacteria;Firmicutes;Clostridia;Clostridiales;Ruminococcaceae;Oscillibacter;PAC001188_s,194,0.3341
Muribaculum DQ815542_s,Bacteria;Bacteroidetes;Bacteroidia;Bacteroidales;Muribaculaceae;Muribaculum;DQ815542_s,191,0.3289
PAC001043_g PAC001552_s,Bacteria;Firmicutes;Clostridia;Clostridiales;Lachnospiraceae;PAC001043_g;PAC001552_s,189,0.3255
KE159571_g PAC002009_s group,Bacteria;Firmicutes;Clostridia;Clostridiales;Lachnospiraceae;KE159571_g;PAC002009_s group,183,0.3152
PAC000664_g PAC002486_s,Bacteria;Firmicutes;Clostridia;Clostridiales;Lachnospiraceae;PAC000664_g;PAC002486_s,182,0.3134
Eubacterium_g17 PAC001119_s,Bacteria;Firmicutes;Clostridia;Clostridiales;Lachnospiraceae;Eubacterium_g17;PAC001119_s,180,0.31
PAC001138_g PAC001518_s,Bacteria;Firmicutes;Clostridia;Clostridiales;Lachnospiraceae;PAC001138_g;PAC001518_s,180,0.31
PAC001199_g DQ777929_s,Bacteria;Firmicutes;Clostridia;Clostridiales;Lachnospiraceae;PAC001199_g;DQ777929_s,179,0.3083
Jeotgalicoccus halotolerans group,Bacteria;Firmicutes;Bacilli;Bacillales;Staphylococcaceae;Jeotgalicoccus;Jeotgalicoccus halotolerans group,170,0.2928
PAC001074_g PAC001074_s,Bacteria;Bacteroidetes;Bacteroidia;Bacteroidales;Muribaculaceae;PAC001074_g;PAC001074_s,166,0.2859
PAC001092_g PAC001742_s,Bacteria;Firmicutes;Clostridia;Clostridiales;Lachnospiraceae;PAC001092_g;PAC001742_s,165,0.2842
Anaerotignum AF157052_s,Bacteria;Firmicutes;Clostridia;Clostridiales;Lachnospiraceae;Anaerotignum;AF157052_s,159,0.2738
PAC001091_g PAC001091_s,Bacteria;Firmicutes;Clostridia;Clostridiales;Lachnospiraceae;PAC001091_g;PAC001091_s,158,0.2721
Lactobacillus FN667084_s,Bacteria;Firmicutes;Bacilli;Lactobacillales;Lactobacillaceae;Lactobacillus;FN667084_s,154,0.2652
PAC001296_g PAC001601_s,Bacteria;Firmicutes;Clostridia;Clostridiales;Lachnospiraceae;PAC001296_g;PAC001601_s,154,0.2652
PAC001043_g PAC001570_s,Bacteria;Firmicutes;Clostridia;Clostridiales;Lachnospiraceae;PAC001043_g;PAC001570_s,149,0.2566
PAC001225_g PAC001225_s,Bacteria;Firmicutes;Clostridia;Clostridiales;Lachnospiraceae;PAC001225_g;PAC001225_s,141,0.2428
PAC001516_g PAC002466_s,Bacteria;Firmicutes;Clostridia;Clostridiales;Lachnospiraceae;PAC001516_g;PAC002466_s,140,0.2411
KE159571_g KE159571_s,Bacteria;Firmicutes;Clostridia;Clostridiales;Lachnospiraceae;KE159571_g;KE159571_s,139,0.2394
PAC001165_g PAC001366_s,Bacteria;Firmicutes;Clostridia;Clostridiales;Lachnospiraceae;PAC001165_g;PAC001366_s,134,0.2308
PAC000198_g PAC001139_s,Bacteria;Bacteroidetes;Bacteroidia;Bacteroidales;Muribaculaceae;PAC000198_g;PAC001139_s,133,0.2291
KE159571_g PAC001776_s group,Bacteria;Firmicutes;Clostridia;Clostridiales;Lachnospiraceae;KE159571_g;PAC001776_s group,133,0.2291
Facklamia tabacinasalis,Bacteria;Firmicutes;Bacilli;Lactobacillales;Aerococcaceae;Facklamia;Facklamia tabacinasalis,132,0.2273
KE159571_g PAC001604_s,Bacteria;Firmicutes;Clostridia;Clostridiales;Lachnospiraceae;KE159571_g;PAC001604_s,131,0.2256
PAC000692_g PAC001567_s,Bacteria;Firmicutes;Clostridia;Clostridiales;Lachnospiraceae;PAC000692_g;PAC001567_s,130,0.2239
Flintibacter butyricus group,Bacteria;Firmicutes;Clostridia;Clostridiales;Ruminococcaceae;Pseudoflavonifractor;Flintibacter butyricus group,129,0.2222
Bacteroides DQ805799_s,Bacteria;Bacteroidetes;Bacteroidia;Bacteroidales;Bacteroidaceae;Bacteroides;DQ805799_s,127,0.2187
KE159797_g PAC001222_s,Bacteria;Firmicutes;Clostridia;Clostridiales;Lachnospiraceae;KE159797_g;PAC001222_s,116,0.1998
Mucispirillum schaedleri,Bacteria;Deferribacteres;Deferribacteres_c;Deferribacterales;Deferribacteraceae;Mucispirillum;Mucispirillum schaedleri,114,0.1963
Anaerotruncus KE159677_s,Bacteria;Firmicutes;Clostridia;Clostridiales;Ruminococcaceae;Anaerotruncus;KE159677_s,110,0.1894
Marvinbryantia PAC001753_s,Bacteria;Firmicutes;Clostridia;Clostridiales;Lachnospiraceae;Marvinbryantia;PAC001753_s,104,0.1791
PAC000661_g PAC002104_s,Bacteria;Firmicutes;Clostridia;Clostridiales;Ruminococcaceae;PAC000661_g;PAC002104_s,98,0.1688
PAC000664_g PAC001083_s,Bacteria;Firmicutes;Clostridia;Clostridiales;Lachnospiraceae;PAC000664_g;PAC001083_s,95,0.1636
PAC001385_g PAC001727_s group,Bacteria;Firmicutes;Clostridia;Clostridiales;Lachnospiraceae;PAC001385_g;PAC001727_s group,91,0.1567
KE159538_g EF097676_s,Bacteria;Firmicutes;Clostridia;Clostridiales;Lachnospiraceae;KE159538_g;EF097676_s,90,0.155
Pseudoflavonifractor PAC001549_s,Bacteria;Firmicutes;Clostridia;Clostridiales;Ruminococcaceae;Pseudoflavonifractor;PAC001549_s,90,0.155
PAC001043_g PAC001752_s,Bacteria;Firmicutes;Clostridia;Clostridiales;Lachnospiraceae;PAC001043_g;PAC001752_s,90,0.155
Clostridium_g21 PAC002512_s group,Bacteria;Firmicutes;Clostridia;Clostridiales;Lachnospiraceae;Clostridium_g21;PAC002512_s group,90,0.155
Enterorhabdus mucosicola,Bacteria;Actinobacteria;Coriobacteriia;Coriobacteriales;Coriobacteriaceae;Enterorhabdus;Enterorhabdus mucosicola,89,0.1533
PAC001524_g PAC001524_s,Bacteria;Firmicutes;Clostridia;Clostridiales;Lachnospiraceae;PAC001524_g;PAC001524_s,86,0.1481
Pseudoflavonifractor PAC001548_s,Bacteria;Firmicutes;Clostridia;Clostridiales;Ruminococcaceae;Pseudoflavonifractor;PAC001548_s,82,0.1412
Eubacterium_g8 PAC002357_s,Bacteria;Firmicutes;Clostridia;Clostridiales;Ruminococcaceae;Eubacterium_g8;PAC002357_s,81,0.1395
PAC001092_g PAC001381_s,Bacteria;Firmicutes;Clostridia;Clostridiales;Lachnospiraceae;PAC001092_g;PAC001381_s,79,0.1361
PAC000186_g PAC001128_s,Bacteria;Bacteroidetes;Bacteroidia;Bacteroidales;Muribaculaceae;PAC000186_g;PAC001128_s,78,0.1343
PAC001236_g PAC001767_s,Bacteria;Firmicutes;Clostridia;Clostridiales;Mogibacterium_f;PAC001236_g;PAC001767_s,78,0.1343
KE159538_g PAC001708_s,Bacteria;Firmicutes;Clostridia;Clostridiales;Lachnospiraceae;KE159538_g;PAC001708_s,77,0.1326
Clostridium_g24 PAC001376_s,Bacteria;Firmicutes;Clostridia;Clostridiales;Lachnospiraceae;Clostridium_g24;PAC001376_s,72,0.124
Acetatifactor PAC002332_s,Bacteria;Firmicutes;Clostridia;Clostridiales;Lachnospiraceae;Acetatifactor;PAC002332_s,70,0.1206
Enterorhabdus muris,Bacteria;Actinobacteria;Coriobacteriia;Coriobacteriales;Coriobacteriaceae;Enterorhabdus;Enterorhabdus muris,69,0.1188
PAC001092_g PAC001691_s,Bacteria;Firmicutes;Clostridia;Clostridiales;Lachnospiraceae;PAC001092_g;PAC001691_s,69,0.1188
PAC001221_g PAC001221_s,Bacteria;Firmicutes;Clostridia;Clostridiales;Dehalobacterium_f;PAC001221_g;PAC001221_s,68,0.1171
PAC001372_g PAC001372_s,Bacteria;Firmicutes;Clostridia;Clostridiales;Lachnospiraceae;PAC001372_g;PAC001372_s,68,0.1171
PAC001362_g PAC001647_s,Bacteria;Firmicutes;Erysipelotrichi;Erysipelotrichales;Erysipelotrichaceae;PAC001362_g;PAC001647_s,67,0.1154
Anaerotignum PAC001540_s,Bacteria;Firmicutes;Clostridia;Clostridiales;Lachnospiraceae;Anaerotignum;PAC001540_s,66,0.1137
Pseudoflavonifractor PAC001543_s,Bacteria;Firmicutes;Clostridia;Clostridiales;Ruminococcaceae;Pseudoflavonifractor;PAC001543_s,66,0.1137
PAC001588_g PAC001588_s,Bacteria;Firmicutes;Clostridia;Clostridiales;Lachnospiraceae;PAC001588_g;PAC001588_s,66,0.1137
Corynebacterium casei,Bacteria;Actinobacteria;Actinobacteria_c;Corynebacteriales;Corynebacteriaceae;Corynebacterium;Corynebacterium casei,65,0.1119
PAC001402_g PAC001546_s,Bacteria;Firmicutes;Clostridia;Clostridiales;Ruminococcaceae;PAC001402_g;PAC001546_s,65,0.1119
PAC001092_g PAC001774_s,Bacteria;Firmicutes;Clostridia;Clostridiales;Lachnospiraceae;PAC001092_g;PAC001774_s,63,0.1085
KE159571_g PAC002348_s,Bacteria;Firmicutes;Clostridia;Clostridiales;Lachnospiraceae;KE159571_g;PAC002348_s,62,0.1068
PAC001266_g PAC002299_s,Bacteria;Actinobacteria;Coriobacteriia;Coriobacteriales;Coriobacteriaceae;PAC001266_g;PAC002299_s,60,0.1033
PAC000186_g EU474208_s,Bacteria;Bacteroidetes;Bacteroidia;Bacteroidales;Muribaculaceae;PAC000186_g;EU474208_s,59,0.1016
PAC001068_g PAC001068_s,Bacteria;Bacteroidetes;Bacteroidia;Bacteroidales;Muribaculaceae;PAC001068_g;PAC001068_s,59,0.1016
Massilioclostridium PAC001521_s,Bacteria;Firmicutes;Clostridia;Clostridiales;Ruminococcaceae;Massilioclostridium;PAC001521_s,58,0.0999
PAC001228_g PAC002027_s,Bacteria;Firmicutes;Clostridia;Clostridiales;Lachnospiraceae;PAC001228_g;PAC002027_s,57,0.0982
Alistipes PAC001061_s,Bacteria;Bacteroidetes;Bacteroidia;Bacteroidales;Rikenellaceae;Alistipes;PAC001061_s,56,0.0964
Oscillibacter PAC001522_s,Bacteria;Firmicutes;Clostridia;Clostridiales;Ruminococcaceae;Oscillibacter;PAC001522_s,56,0.0964
Pseudoflavonifractor PAC001786_s,Bacteria;Firmicutes;Clostridia;Clostridiales;Ruminococcaceae;Pseudoflavonifractor;PAC001786_s,55,0.0947
Parabacteroides goldsteinii,Bacteria;Bacteroidetes;Bacteroidia;Bacteroidales;Porphyromonadaceae;Parabacteroides;Parabacteroides goldsteinii,55,0.0947
Corynebacterium stationis,Bacteria;Actinobacteria;Actinobacteria_c;Corynebacteriales;Corynebacteriaceae;Corynebacterium;Corynebacterium stationis,54,0.093
Pseudoflavonifractor PAC001087_s,Bacteria;Firmicutes;Clostridia;Clostridiales;Ruminococcaceae;Pseudoflavonifractor;PAC001087_s,54,0.093
PAC001103_g PAC001361_s,Bacteria;Firmicutes;Clostridia;Clostridiales;Lachnospiraceae;PAC001103_g;PAC001361_s,54,0.093
PAC000186_g PAC001806_s,Bacteria;Bacteroidetes;Bacteroidia;Bacteroidales;Muribaculaceae;PAC000186_g;PAC001806_s,54,0.093
KE159605_g KE159605_s,Bacteria;Firmicutes;Clostridia;Clostridiales;Lachnospiraceae;KE159605_g;KE159605_s,53,0.0913
Bacteroides faecichinchillae,Bacteria;Bacteroidetes;Bacteroidia;Bacteroidales;Bacteroidaceae;Bacteroides;Bacteroides faecichinchillae,52,0.0896
PAC001360_g GQ157859_s,Bacteria;Firmicutes;Clostridia;Clostridiales;Christensenellaceae;PAC001360_g;GQ157859_s,52,0.0896
Acutalibacter PAC001594_s,Bacteria;Firmicutes;Clostridia;Clostridiales;Ruminococcaceae;Acutalibacter;PAC001594_s,52,0.0896
PAC001389_g PAC001389_s,Bacteria;Actinobacteria;Coriobacteriia;Coriobacteriales;Coriobacteriaceae;PAC001389_g;PAC001389_s,51,0.0878
PAC001092_g PAC001710_s,Bacteria;Firmicutes;Clostridia;Clostridiales;Lachnospiraceae;PAC001092_g;PAC001710_s,51,0.0878
Phocea PAC001158_s,Bacteria;Firmicutes;Clostridia;Clostridiales;Ruminococcaceae;Phocea;PAC001158_s,50,0.0861
LLKB_g PAC001383_s,Bacteria;Firmicutes;Clostridia;Clostridiales;Lachnospiraceae;LLKB_g;PAC001383_s,50,0.0861
Caproiciproducens PAC001505_s,Bacteria;Firmicutes;Clostridia;Clostridiales;Ruminococcaceae;Caproiciproducens;PAC001505_s,49,0.0844
Bacteroides uniformis,Bacteria;Bacteroidetes;Bacteroidia;Bacteroidales;Bacteroidaceae;Bacteroides;Bacteroides uniformis,48,0.0827
Eubacterium_g17 HQ716480_s,Bacteria;Firmicutes;Clostridia;Clostridiales;Lachnospiraceae;Eubacterium_g17;HQ716480_s,47,0.0809
Pseudoflavonifractor PAC002490_s,Bacteria;Firmicutes;Clostridia;Clostridiales;Ruminococcaceae;Pseudoflavonifractor;PAC002490_s,47,0.0809
Aerococcus viridans group,Bacteria;Firmicutes;Bacilli;Lactobacillales;Aerococcaceae;Aerococcus;Aerococcus viridans group,46,0.0792
PAC001402_g PAC001561_s,Bacteria;Firmicutes;Clostridia;Clostridiales;Ruminococcaceae;PAC001402_g;PAC001561_s,46,0.0792
KE159571_g PAC002468_s,Bacteria;Firmicutes;Clostridia;Clostridiales;Lachnospiraceae;KE159571_g;PAC002468_s,46,0.0792
Oscillibacter KE159714_s group,Bacteria;Firmicutes;Clostridia;Clostridiales;Ruminococcaceae;Oscillibacter;KE159714_s group,45,0.0775
Eubacterium_g6 PAC001227_s,Bacteria;Firmicutes;Clostridia;Clostridiales;Lachnospiraceae;Eubacterium_g6;PAC001227_s,45,0.0775
Bacteroides DQ799557_s,Bacteria;Bacteroidetes;Bacteroidia;Bacteroidales;Bacteroidaceae;Bacteroides;DQ799557_s,44,0.0758
PAC000198_g PAC001075_s,Bacteria;Bacteroidetes;Bacteroidia;Bacteroidales;Muribaculaceae;PAC000198_g;PAC001075_s,44,0.0758
PAC000692_g PAC001387_s,Bacteria;Firmicutes;Clostridia;Clostridiales;Lachnospiraceae;PAC000692_g;PAC001387_s,43,0.0741
KE159538_g PAC001696_s,Bacteria;Firmicutes;Clostridia;Clostridiales;Lachnospiraceae;KE159538_g;PAC001696_s,43,0.0741
Eubacterium_g23 PAC001121_s group,Bacteria;Firmicutes;Clostridia;Clostridiales;Ruminococcaceae;Eubacterium_g23;PAC001121_s group,42,0.0723
Frisingicoccus PAC001744_s group,Bacteria;Firmicutes;Clostridia;Clostridiales;Lachnospiraceae;Frisingicoccus;PAC001744_s group,42,0.0723
Pseudoflavonifractor KI535319_s,Bacteria;Firmicutes;Clostridia;Clostridiales;Ruminococcaceae;Pseudoflavonifractor;KI535319_s,41,0.0706
Clostridium_g24 AF371567_s,Bacteria;Firmicutes;Clostridia;Clostridiales;Lachnospiraceae;Clostridium_g24;AF371567_s,40,0.0689
Clostridium_g21 PAC001294_s,Bacteria;Firmicutes;Clostridia;Clostridiales;Lachnospiraceae;Clostridium_g21;PAC001294_s,40,0.0689
Eubacterium_g17 PAC001571_s,Bacteria;Firmicutes;Clostridia;Clostridiales;Lachnospiraceae;Eubacterium_g17;PAC001571_s,40,0.0689
Pseudoflavonifractor PAC001574_s group,Bacteria;Firmicutes;Clostridia;Clostridiales;Ruminococcaceae;Pseudoflavonifractor;PAC001574_s group,40,0.0689
PAC002042_g PAC002042_s,Bacteria;Firmicutes;Clostridia;Clostridiales;Lachnospiraceae;PAC002042_g;PAC002042_s,40,0.0689
PAC001199_g PAC002391_s,Bacteria;Firmicutes;Clostridia;Clostridiales;Lachnospiraceae;PAC001199_g;PAC002391_s,40,0.0689
Bacteroides HM124113_s,Bacteria;Bacteroidetes;Bacteroidia;Bacteroidales;Bacteroidaceae;Bacteroides;HM124113_s,38,0.0654
PAC001112_g PAC001267_s,Bacteria;Bacteroidetes;Bacteroidia;Bacteroidales;Muribaculaceae;PAC001112_g;PAC001267_s,38,0.0654
LT706945_g PAC001747_s,Bacteria;Proteobacteria;Deltaproteobacteria;Desulfovibrionales;Desulfovibrionaceae;LT706945_g;PAC001747_s,37,0.0637
PAC000661_g PAC001154_s,Bacteria;Firmicutes;Clostridia;Clostridiales;Ruminococcaceae;PAC000661_g;PAC001154_s,36,0.062
Acholeplasma_g2 PAC001080_s,Bacteria;Tenericutes;Mollicutes;Acholeplasmatales;Acholeplasmataceae;Acholeplasma_g2;PAC001080_s,35,0.0603
PAC001092_g PAC002030_s,Bacteria;Firmicutes;Clostridia;Clostridiales;Lachnospiraceae;PAC001092_g;PAC002030_s,35,0.0603
PAC001112_g PAC002441_s,Bacteria;Bacteroidetes;Bacteroidia;Bacteroidales;Muribaculaceae;PAC001112_g;PAC002441_s,35,0.0603
Eubacterium_g6 JQ083736_s,Bacteria;Firmicutes;Clostridia;Clostridiales;Lachnospiraceae;Eubacterium_g6;JQ083736_s,34,0.0586
Pseudoflavonifractor PAC001379_s,Bacteria;Firmicutes;Clostridia;Clostridiales;Ruminococcaceae;Pseudoflavonifractor;PAC001379_s,33,0.0568
KE159571_g DQ815838_s,Bacteria;Firmicutes;Clostridia;Clostridiales;Lachnospiraceae;KE159571_g;DQ815838_s,32,0.0551
Oscillibacter PAC001156_s,Bacteria;Firmicutes;Clostridia;Clostridiales;Ruminococcaceae;Oscillibacter;PAC001156_s,31,0.0534
Sporosarcina JF750766_s,Bacteria;Firmicutes;Bacilli;Bacillales;Planococcaceae;Sporosarcina;JF750766_s,30,0.0517
PAC001118_g PAC002344_s,Bacteria;Firmicutes;Clostridia;Clostridiales;Lachnospiraceae;PAC001118_g;PAC002344_s,30,0.0517
KE159600_g EU511112_s,Bacteria;Firmicutes;Clostridia;Clostridiales;Lachnospiraceae;KE159600_g;EU511112_s,29,0.0499
PAC001092_g PAC001517_s,Bacteria;Firmicutes;Clostridia;Clostridiales;Lachnospiraceae;PAC001092_g;PAC001517_s,28,0.0482
Parasutterella excrementihominis group,Bacteria;Proteobacteria;Betaproteobacteria;Burkholderiales;Sutterellaceae;Parasutterella;Parasutterella excrementihominis group,28,0.0482
Proteus mirabilis,Bacteria;Proteobacteria;Gammaproteobacteria;Enterobacterales;Morganellaceae;Proteus;Proteus mirabilis,28,0.0482
Acutalibacter muris,Bacteria;Firmicutes;Clostridia;Clostridiales;Ruminococcaceae;Acutalibacter;Acutalibacter muris,27,0.0465
KE159600_g EF098562_s,Bacteria;Firmicutes;Clostridia;Clostridiales;Lachnospiraceae;KE159600_g;EF098562_s,27,0.0465
Pseudoflavonifractor PAC001131_s,Bacteria;Firmicutes;Clostridia;Clostridiales;Ruminococcaceae;Pseudoflavonifractor;PAC001131_s,27,0.0465
PAC000671_g PAC001473_s,Bacteria;Firmicutes;Clostridia;Clostridiales;Lachnospiraceae;PAC000671_g;PAC001473_s,27,0.0465
Oscillibacter PAC001526_s,Bacteria;Firmicutes;Clostridia;Clostridiales;Ruminococcaceae;Oscillibacter;PAC001526_s,27,0.0465
Agathobaculum PAC001688_s,Bacteria;Firmicutes;Clostridia;Clostridiales;Ruminococcaceae;Agathobaculum;PAC001688_s,27,0.0465
PAC001166_g GQ451310_s,Bacteria;Firmicutes;Clostridia;Clostridiales;Lachnospiraceae;PAC001166_g;GQ451310_s,26,0.0448
KE159810_g KE159810_s,Bacteria;Firmicutes;Clostridia;Clostridiales;Lachnospiraceae;KE159810_g;KE159810_s,26,0.0448
PAC001778_g PAC001778_s,Bacteria;Firmicutes;Clostridia;Clostridiales;Ruminococcaceae;PAC001778_g;PAC001778_s,26,0.0448
PAC001573_g PAC002010_s,Bacteria;Firmicutes;Clostridia;Clostridiales;Mogibacterium_f;PAC001573_g;PAC002010_s,26,0.0448
Frisingicoccus EF409953_s,Bacteria;Firmicutes;Clostridia;Clostridiales;Lachnospiraceae;Frisingicoccus;EF409953_s,25,0.0431
Oscillibacter FJ678358_s,Bacteria;Firmicutes;Clostridia;Clostridiales;Ruminococcaceae;Oscillibacter;FJ678358_s,25,0.0431
Eubacterium_g8 PAC001244_s,Bacteria;Firmicutes;Clostridia;Clostridiales;Ruminococcaceae;Eubacterium_g8;PAC001244_s,25,0.0431
PAC001266_g PAC001266_s,Bacteria;Actinobacteria;Coriobacteriia;Coriobacteriales;Coriobacteriaceae;PAC001266_g;PAC001266_s,24,0.0413
Clostridium_g21 PAC001757_s group,Bacteria;Firmicutes;Clostridia;Clostridiales;Lachnospiraceae;Clostridium_g21;PAC001757_s group,24,0.0413
PAC001043_g PAC002338_s,Bacteria;Firmicutes;Clostridia;Clostridiales;Lachnospiraceae;PAC001043_g;PAC002338_s,24,0.0413
PAC001457_g PAC001495_s group,Bacteria;Firmicutes;Clostridia;Clostridiales;Lachnospiraceae;PAC001457_g;PAC001495_s group,23,0.0396
PAC001212_g PAC001809_s,Bacteria;Firmicutes;Clostridia;Clostridiales;Lachnospiraceae;PAC001212_g;PAC001809_s,23,0.0396
PAC001362_g PAC001392_s,Bacteria;Firmicutes;Erysipelotrichi;Erysipelotrichales;Erysipelotrichaceae;PAC001362_g;PAC001392_s,22,0.0379
LLKB_g PAC001694_s,Bacteria;Firmicutes;Clostridia;Clostridiales;Lachnospiraceae;LLKB_g;PAC001694_s,22,0.0379
PAC000692_g PAC001760_s,Bacteria;Firmicutes;Clostridia;Clostridiales;Lachnospiraceae;PAC000692_g;PAC001760_s,22,0.0379
PAC000197_g PAC001787_s,Bacteria;Tenericutes;Mollicutes;PAC001057_o;PAC000197_f;PAC000197_g;PAC001787_s,22,0.0379
PAC000197_g PAC001123_s,Bacteria;Tenericutes;Mollicutes;PAC001057_o;PAC000197_f;PAC000197_g;PAC001123_s,21,0.0362
Oscillibacter PAC001638_s,Bacteria;Firmicutes;Clostridia;Clostridiales;Ruminococcaceae;Oscillibacter;PAC001638_s,21,0.0362
KE159538_g FJ881185_s,Bacteria;Firmicutes;Clostridia;Clostridiales;Lachnospiraceae;KE159538_g;FJ881185_s,20,0.0344
PAC001092_g PAC001668_s,Bacteria;Firmicutes;Clostridia;Clostridiales;Lachnospiraceae;PAC001092_g;PAC001668_s,20,0.0344
Enterorhabdus PAC001730_s,Bacteria;Actinobacteria;Coriobacteriia;Coriobacteriales;Coriobacteriaceae;Enterorhabdus;PAC001730_s,20,0.0344
LLKB_g EF100040_s,Bacteria;Firmicutes;Clostridia;Clostridiales;Lachnospiraceae;LLKB_g;EF100040_s,19,0.0327
PAC000661_g EF434365_s,Bacteria;Firmicutes;Clostridia;Clostridiales;Ruminococcaceae;PAC000661_g;EF434365_s,19,0.0327
Acetatifactor FJ879577_s,Bacteria;Firmicutes;Clostridia;Clostridiales;Lachnospiraceae;Acetatifactor;FJ879577_s,19,0.0327
PAC000661_g PAC001329_s,Bacteria;Firmicutes;Clostridia;Clostridiales;Ruminococcaceae;PAC000661_g;PAC001329_s,19,0.0327
Enterococcus faecalis,Bacteria;Firmicutes;Bacilli;Lactobacillales;Enterococcaceae;Enterococcus;Enterococcus faecalis,18,0.031
PAC000672_g HM123911_s,Bacteria;Firmicutes;Clostridia;Clostridiales;Ruminococcaceae;PAC000672_g;HM123911_s,18,0.031
Clostridium_g21 PAC001085_s,Bacteria;Firmicutes;Clostridia;Clostridiales;Lachnospiraceae;Clostridium_g21;PAC001085_s,18,0.031
PAC001043_g PAC001043_s,Bacteria;Firmicutes;Clostridia;Clostridiales;Lachnospiraceae;PAC001043_g;PAC001043_s,17,0.0293
Sporobacter PAC001096_s,Bacteria;Firmicutes;Clostridia;Clostridiales;Ruminococcaceae;Sporobacter;PAC001096_s,17,0.0293
Lachnospira PAC002369_s,Bacteria;Firmicutes;Clostridia;Clostridiales;Lachnospiraceae;Lachnospira;PAC002369_s,17,0.0293
KE159797_g KE159797_s,Bacteria;Firmicutes;Clostridia;Clostridiales;Lachnospiraceae;KE159797_g;KE159797_s,16,0.0276
Lactobacillus satsumensis,Bacteria;Firmicutes;Bacilli;Lactobacillales;Lactobacillaceae;Lactobacillus;Lactobacillus satsumensis,16,0.0276
Pseudoflavonifractor PAC001547_s,Bacteria;Firmicutes;Clostridia;Clostridiales;Ruminococcaceae;Pseudoflavonifractor;PAC001547_s,16,0.0276
Paludicola PAC001784_s,Bacteria;Firmicutes;Clostridia;Clostridiales;Ruminococcaceae;Paludicola;PAC001784_s,16,0.0276
Acetatifactor PAC001801_s,Bacteria;Firmicutes;Clostridia;Clostridiales;Lachnospiraceae;Acetatifactor;PAC001801_s,16,0.0276
Bacteroides xylanisolvens group,Bacteria;Bacteroidetes;Bacteroidia;Bacteroidales;Bacteroidaceae;Bacteroides;Bacteroides xylanisolvens group,15,0.0258
Caproiciproducens DQ777923_s,Bacteria;Firmicutes;Clostridia;Clostridiales;Ruminococcaceae;Caproiciproducens;DQ777923_s,15,0.0258
Clostridium_g21 KE159781_s,Bacteria;Firmicutes;Clostridia;Clostridiales;Lachnospiraceae;Clostridium_g21;KE159781_s,15,0.0258
PAC000661_g PAC001182_s,Bacteria;Firmicutes;Clostridia;Clostridiales;Ruminococcaceae;PAC000661_g;PAC001182_s,15,0.0258
PAC000661_g PAC001777_s group,Bacteria;Firmicutes;Clostridia;Clostridiales;Ruminococcaceae;PAC000661_g;PAC001777_s group,15,0.0258
PAC001516_g PAC002384_s,Bacteria;Firmicutes;Clostridia;Clostridiales;Lachnospiraceae;PAC001516_g;PAC002384_s,15,0.0258
PAC001109_g AB626901_s,Bacteria;Tenericutes;Mollicutes;PAC001057_o;PAC001057_f;PAC001109_g;AB626901_s,14,0.0241
PAC000186_g EF406572_s,Bacteria;Bacteroidetes;Bacteroidia;Bacteroidales;Muribaculaceae;PAC000186_g;EF406572_s,14,0.0241
Frisingicoccus PAC000688_s,Bacteria;Firmicutes;Clostridia;Clostridiales;Lachnospiraceae;Frisingicoccus;PAC000688_s,14,0.0241
PAC001377_g PAC001377_s,Bacteria;Firmicutes;Clostridia;Clostridiales;Lachnospiraceae;PAC001377_g;PAC001377_s,14,0.0241
PAC001200_g PAC001554_s,Bacteria;Firmicutes;Clostridia;Clostridiales;Lachnospiraceae;PAC001200_g;PAC001554_s,14,0.0241
Anaerotignum PAC001740_s,Bacteria;Firmicutes;Clostridia;Clostridiales;Lachnospiraceae;Anaerotignum;PAC001740_s,14,0.0241
LLKB_g AB626939_s,Bacteria;Firmicutes;Clostridia;Clostridiales;Lachnospiraceae;LLKB_g;AB626939_s,13,0.0224
PAC001225_g EU504346_s,Bacteria;Firmicutes;Clostridia;Clostridiales;Lachnospiraceae;PAC001225_g;EU504346_s,13,0.0224
Eubacterium_g23 EU509480_s,Bacteria;Firmicutes;Clostridia;Clostridiales;Ruminococcaceae;Eubacterium_g23;EU509480_s,13,0.0224
PAC001219_g EU509975_s,Bacteria;Firmicutes;Clostridia;Clostridiales;Christensenellaceae;PAC001219_g;EU509975_s,13,0.0224
PAC001092_g PAC001092_s,Bacteria;Firmicutes;Clostridia;Clostridiales;Lachnospiraceae;PAC001092_g;PAC001092_s,13,0.0224
Acetatifactor PAC001373_s,Bacteria;Firmicutes;Clostridia;Clostridiales;Lachnospiraceae;Acetatifactor;PAC001373_s,13,0.0224
Acutalibacter PAC001519_s,Bacteria;Firmicutes;Clostridia;Clostridiales;Ruminococcaceae;Acutalibacter;PAC001519_s,13,0.0224
Atopostipes PAC001712_s,Bacteria;Firmicutes;Bacilli;Lactobacillales;Carnobacteriaceae;Atopostipes;PAC001712_s,13,0.0224
Pseudoflavonifractor PAC002473_s,Bacteria;Firmicutes;Clostridia;Clostridiales;Ruminococcaceae;Pseudoflavonifractor;PAC002473_s,13,0.0224
PAC000664_g FJ879557_s,Bacteria;Firmicutes;Clostridia;Clostridiales;Lachnospiraceae;PAC000664_g;FJ879557_s,12,0.0207
PAC000692_g PAC000692_s,Bacteria;Firmicutes;Clostridia;Clostridiales;Lachnospiraceae;PAC000692_g;PAC000692_s,12,0.0207
Ruminococcus PAC001122_s,Bacteria;Firmicutes;Clostridia;Clostridiales;Ruminococcaceae;Ruminococcus;PAC001122_s,12,0.0207
Emergencia PAC001235_s,Bacteria;Firmicutes;Clostridia;Clostridiales;Mogibacterium_f;Emergencia;PAC001235_s,12,0.0207
FR888536_g PAC001268_s,Bacteria;Cyanobacteria;Vampirovibrio_c;FR888536_o;FR888536_f;FR888536_g;PAC001268_s,12,0.0207
PAC001112_g PAC001359_s,Bacteria;Bacteroidetes;Bacteroidia;Bacteroidales;Muribaculaceae;PAC001112_g;PAC001359_s,12,0.0207
PAC001165_g PAC001384_s,Bacteria;Firmicutes;Clostridia;Clostridiales;Lachnospiraceae;PAC001165_g;PAC001384_s,12,0.0207
PAC000692_g PAC001666_s,Bacteria;Firmicutes;Clostridia;Clostridiales;Lachnospiraceae;PAC000692_g;PAC001666_s,12,0.0207
PAC001043_g PAC001703_s,Bacteria;Firmicutes;Clostridia;Clostridiales;Lachnospiraceae;PAC001043_g;PAC001703_s,12,0.0207
PAC001468_g PAC001731_s,Bacteria;Firmicutes;Clostridia;Clostridiales;Ruminococcaceae;PAC001468_g;PAC001731_s,12,0.0207
PAC001068_g PAC001736_s,Bacteria;Bacteroidetes;Bacteroidia;Bacteroidales;Muribaculaceae;PAC001068_g;PAC001736_s,12,0.0207
PAC001270_g PAC001899_s group,Bacteria;Firmicutes;Clostridia;Clostridiales;Lachnospiraceae;PAC001270_g;PAC001899_s group,12,0.0207
PAC002153_g PAC002153_s,Bacteria;Firmicutes;Clostridia;Clostridiales;Lachnospiraceae;PAC002153_g;PAC002153_s,12,0.0207
PAC000661_g AB185622_s,Bacteria;Firmicutes;Clostridia;Clostridiales;Ruminococcaceae;PAC000661_g;AB185622_s,11,0.0189
PAC000661_g AB606378_s,Bacteria;Firmicutes;Clostridia;Clostridiales;Ruminococcaceae;PAC000661_g;AB606378_s,11,0.0189
Kineothrix alysoides,Bacteria;Firmicutes;Clostridia;Clostridiales;Lachnospiraceae;Kineothrix;Kineothrix alysoides,11,0.0189
Pseudoflavonifractor PAC001088_s,Bacteria;Firmicutes;Clostridia;Clostridiales;Ruminococcaceae;Pseudoflavonifractor;PAC001088_s,11,0.0189
Roseburia PAC001271_s,Bacteria;Firmicutes;Clostridia;Clostridiales;Lachnospiraceae;Roseburia;PAC001271_s,11,0.0189
Oscillibacter PAC001684_s,Bacteria;Firmicutes;Clostridia;Clostridiales;Ruminococcaceae;Oscillibacter;PAC001684_s,11,0.0189
Anaerotruncus PAC001925_s,Bacteria;Firmicutes;Clostridia;Clostridiales;Ruminococcaceae;Anaerotruncus;PAC001925_s,11,0.0189
PAC000664_g PAC002004_s group,Bacteria;Firmicutes;Clostridia;Clostridiales;Lachnospiraceae;PAC000664_g;PAC002004_s group,11,0.0189
Streptococcus danieliae,Bacteria;Firmicutes;Bacilli;Lactobacillales;Streptococcaceae;Streptococcus;Streptococcus danieliae,11,0.0189
Acutalibacter AB622826_s,Bacteria;Firmicutes;Clostridia;Clostridiales;Ruminococcaceae;Acutalibacter;AB622826_s,10,0.0172
Clostridium scindens,Bacteria;Firmicutes;Clostridia;Clostridiales;Lachnospiraceae;Clostridium_g21;Clostridium scindens,10,0.0172
Oscillibacter EU771312_s,Bacteria;Firmicutes;Clostridia;Clostridiales;Ruminococcaceae;Oscillibacter;EU771312_s,10,0.0172
PAC001360_g PAC001371_s,Bacteria;Firmicutes;Clostridia;Clostridiales;Christensenellaceae;PAC001360_g;PAC001371_s,10,0.0172
LLKB_g PAC001902_s,Bacteria;Firmicutes;Clostridia;Clostridiales;Lachnospiraceae;LLKB_g;PAC001902_s,10,0.0172
PAC002460_g PAC002460_s,Bacteria;Firmicutes;Clostridia;Clostridiales;Lachnospiraceae;PAC002460_g;PAC002460_s,10,0.0172
LLKB_g PAC002469_s,Bacteria;Firmicutes;Clostridia;Clostridiales;Lachnospiraceae;LLKB_g;PAC002469_s,10,0.0172
Oscillibacter EU454342_s,Bacteria;Firmicutes;Clostridia;Clostridiales;Ruminococcaceae;Oscillibacter;EU454342_s,9,0.0155
Clostridium_g21 EU455375_s,Bacteria;Firmicutes;Clostridia;Clostridiales;Lachnospiraceae;Clostridium_g21;EU455375_s,9,0.0155
KE159538_g KE159538_s,Bacteria;Firmicutes;Clostridia;Clostridiales;Lachnospiraceae;KE159538_g;KE159538_s,9,0.0155
PAC001456_g PAC001456_s,Bacteria;Firmicutes;Clostridia;Clostridiales;Lachnospiraceae;PAC001456_g;PAC001456_s,9,0.0155
PAC001103_g PAC001724_s group,Bacteria;Firmicutes;Clostridia;Clostridiales;Lachnospiraceae;PAC001103_g;PAC001724_s group,9,0.0155
PAC001573_g PAC001808_s,Bacteria;Firmicutes;Clostridia;Clostridiales;Mogibacterium_f;PAC001573_g;PAC001808_s,9,0.0155
Oscillibacter PAC002110_s,Bacteria;Firmicutes;Clostridia;Clostridiales;Ruminococcaceae;Oscillibacter;PAC002110_s,9,0.0155
Coprobacillus PAC002396_s,Bacteria;Firmicutes;Erysipelotrichi;Erysipelotrichales;Erysipelotrichaceae;Coprobacillus;PAC002396_s,9,0.0155
PAC001360_g PAC002505_s,Bacteria;Firmicutes;Clostridia;Clostridiales;Christensenellaceae;PAC001360_g;PAC002505_s,9,0.0155
PAC001108_g PAC001193_s,Bacteria;Tenericutes;Mollicutes;PAC001057_o;PAC001057_f;PAC001108_g;PAC001193_s,8,0.0138
Oscillibacter PAC001369_s,Bacteria;Firmicutes;Clostridia;Clostridiales;Ruminococcaceae;Oscillibacter;PAC001369_s,8,0.0138
Paludicola PAC001507_s,Bacteria;Firmicutes;Clostridia;Clostridiales;Ruminococcaceae;Paludicola;PAC001507_s,8,0.0138
PAC000661_g PAC001536_s,Bacteria;Firmicutes;Clostridia;Clostridiales;Ruminococcaceae;PAC000661_g;PAC001536_s,8,0.0138
PAC001572_g PAC001572_s,Bacteria;Firmicutes;Clostridia;Clostridiales;Lachnospiraceae;PAC001572_g;PAC001572_s,8,0.0138
Pseudoflavonifractor PAC001761_s,Bacteria;Firmicutes;Clostridia;Clostridiales;Ruminococcaceae;Pseudoflavonifractor;PAC001761_s,8,0.0138
Acetatifactor PAC001773_s,Bacteria;Firmicutes;Clostridia;Clostridiales;Lachnospiraceae;Acetatifactor;PAC001773_s,8,0.0138
Pseudoflavonifractor PAC002132_s,Bacteria;Firmicutes;Clostridia;Clostridiales;Ruminococcaceae;Pseudoflavonifractor;PAC002132_s,8,0.0138
PAC000661_g AF371820_s,Bacteria;Firmicutes;Clostridia;Clostridiales;Ruminococcaceae;PAC000661_g;AF371820_s,7,0.0121
Alistipes obesi,Bacteria;Bacteroidetes;Bacteroidia;Bacteroidales;Rikenellaceae;Alistipes;Alistipes obesi,7,0.0121
Bacteroides dorei,Bacteria;Bacteroidetes;Bacteroidia;Bacteroidales;Bacteroidaceae;Bacteroides;Bacteroides dorei,7,0.0121
Corynebacterium xerosis group,Bacteria;Actinobacteria;Actinobacteria_c;Corynebacteriales;Corynebacteriaceae;Corynebacterium;Corynebacterium xerosis group,7,0.0121
PAC001458_g DQ115991_s,Bacteria;Firmicutes;Clostridia;Clostridiales;Lachnospiraceae;PAC001458_g;DQ115991_s,7,0.0121
AB185775_g EU622732_s,Bacteria;Firmicutes;Clostridia;Clostridiales;Lachnospiraceae;AB185775_g;EU622732_s,7,0.0121
Acetatifactor FJ881208_s,Bacteria;Firmicutes;Clostridia;Clostridiales;Lachnospiraceae;Acetatifactor;FJ881208_s,7,0.0121
Muribaculum PAC001076_s,Bacteria;Bacteroidetes;Bacteroidia;Bacteroidales;Muribaculaceae;Muribaculum;PAC001076_s,7,0.0121
KE159538_g PAC001094_s,Bacteria;Firmicutes;Clostridia;Clostridiales;Lachnospiraceae;KE159538_g;PAC001094_s,7,0.0121
PAC001127_g PAC001127_s,Bacteria;Bacteroidetes;Bacteroidia;Bacteroidales;Muribaculaceae;PAC001127_g;PAC001127_s,7,0.0121
Oscillibacter PAC001368_s,Bacteria;Firmicutes;Clostridia;Clostridiales;Ruminococcaceae;Oscillibacter;PAC001368_s,7,0.0121
KE159605_g PAC001396_s,Bacteria;Firmicutes;Clostridia;Clostridiales;Lachnospiraceae;KE159605_g;PAC001396_s,7,0.0121
Frisingicoccus PAC001399_s,Bacteria;Firmicutes;Clostridia;Clostridiales;Lachnospiraceae;Frisingicoccus;PAC001399_s,7,0.0121
Oscillibacter PAC001502_s,Bacteria;Firmicutes;Clostridia;Clostridiales;Ruminococcaceae;Oscillibacter;PAC001502_s,7,0.0121
Pseudoflavonifractor PAC002302_s,Bacteria;Firmicutes;Clostridia;Clostridiales;Ruminococcaceae;Pseudoflavonifractor;PAC002302_s,7,0.0121
Sporosarcina ureae group,Bacteria;Firmicutes;Bacilli;Bacillales;Planococcaceae;Sporosarcina;Sporosarcina ureae group,7,0.0121
PAC001043_g AB506430_s,Bacteria;Firmicutes;Clostridia;Clostridiales;Lachnospiraceae;PAC001043_g;AB506430_s,6,0.0103
Kineothrix AB606257_s,Bacteria;Firmicutes;Clostridia;Clostridiales;Lachnospiraceae;Kineothrix;AB606257_s,6,0.0103
Bifidobacterium pseudolongum group,Bacteria;Actinobacteria;Actinobacteria_c;Bifidobacteriales;Bifidobacteriaceae;Bifidobacterium;Bifidobacterium pseudolongum group,6,0.0103
PAC000661_g DQ394660_s,Bacteria;Firmicutes;Clostridia;Clostridiales;Ruminococcaceae;PAC000661_g;DQ394660_s,6,0.0103
PAC001762_g EF096150_s,Bacteria;Firmicutes;Erysipelotrichi;Erysipelotrichales;Erysipelotrichaceae;PAC001762_g;EF096150_s,6,0.0103
Oscillibacter EF098020_s,Bacteria;Firmicutes;Clostridia;Clostridiales;Ruminococcaceae;Oscillibacter;EF098020_s,6,0.0103
PAC001165_g EF603797_s,Bacteria;Firmicutes;Clostridia;Clostridiales;Lachnospiraceae;PAC001165_g;EF603797_s,6,0.0103
Pseudoflavonifractor FJ879979_s,Bacteria;Firmicutes;Clostridia;Clostridiales;Ruminococcaceae;Pseudoflavonifractor;FJ879979_s,6,0.0103
Yaniella JF145020_s,Bacteria;Actinobacteria;Actinobacteria_c;Micrococcales;Yaniellaceae;Yaniella;JF145020_s,6,0.0103
Pseudoflavonifractor LN866274_s,Bacteria;Firmicutes;Clostridia;Clostridiales;Ruminococcaceae;Pseudoflavonifractor;LN866274_s,6,0.0103
Pseudoflavonifractor LT827109_s,Bacteria;Firmicutes;Clostridia;Clostridiales;Ruminococcaceae;Pseudoflavonifractor;LT827109_s,6,0.0103
Clostridium_g24 PAC000183_s,Bacteria;Firmicutes;Clostridia;Clostridiales;Lachnospiraceae;Clostridium_g24;PAC000183_s,6,0.0103
Frisingicoccus PAC000700_s,Bacteria;Firmicutes;Clostridia;Clostridiales;Lachnospiraceae;Frisingicoccus;PAC000700_s,6,0.0103
PAC001109_g PAC001273_s,Bacteria;Tenericutes;Mollicutes;PAC001057_o;PAC001057_f;PAC001109_g;PAC001273_s,6,0.0103
PAC001287_g PAC001287_s,Bacteria;Firmicutes;Clostridia;Clostridiales;Lachnospiraceae;PAC001287_g;PAC001287_s,6,0.0103
PAC000661_g PAC001312_s,Bacteria;Firmicutes;Clostridia;Clostridiales;Ruminococcaceae;PAC000661_g;PAC001312_s,6,0.0103
PAC001092_g PAC001388_s,Bacteria;Firmicutes;Clostridia;Clostridiales;Lachnospiraceae;PAC001092_g;PAC001388_s,6,0.0103
PAC001400_g PAC001400_s,Bacteria;Firmicutes;Clostridia;Clostridiales;Peptococcaceae;PAC001400_g;PAC001400_s,6,0.0103
PAC000664_g PAC001488_s group,Bacteria;Firmicutes;Clostridia;Clostridiales;Lachnospiraceae;PAC000664_g;PAC001488_s group,6,0.0103
PAC001149_g PAC001511_s,Bacteria;Firmicutes;Clostridia;Clostridiales;Lachnospiraceae;PAC001149_g;PAC001511_s,6,0.0103
PAC001092_g PAC001726_s,Bacteria;Firmicutes;Clostridia;Clostridiales;Lachnospiraceae;PAC001092_g;PAC001726_s,6,0.0103
PAC001402_g PAC001764_s,Bacteria;Firmicutes;Clostridia;Clostridiales;Ruminococcaceae;PAC001402_g;PAC001764_s,6,0.0103
Sporosarcina pasteurii,Bacteria;Firmicutes;Bacilli;Bacillales;Planococcaceae;Sporosarcina;Sporosarcina pasteurii,6,0.0103
AB606281_g AB606281_s,Bacteria;Firmicutes;Clostridia;Clostridiales;Lachnospiraceae;AB606281_g;AB606281_s,5,0.0086
PAC002400_g EF096814_s,Bacteria;Bacteroidetes;Bacteroidia;Bacteroidales;Muribaculaceae;PAC002400_g;EF096814_s,5,0.0086
PAC000692_g HM124219_s,Bacteria;Firmicutes;Clostridia;Clostridiales;Lachnospiraceae;PAC000692_g;HM124219_s,5,0.0086
PAC001092_g HM124316_s,Bacteria;Firmicutes;Clostridia;Clostridiales;Lachnospiraceae;PAC001092_g;HM124316_s,5,0.0086
Clostridium_g24 PAC001282_s,Bacteria;Firmicutes;Clostridia;Clostridiales;Lachnospiraceae;Clostridium_g24;PAC001282_s,5,0.0086
PAC001266_g PAC001357_s,Bacteria;Actinobacteria;Coriobacteriia;Coriobacteriales;Coriobacteriaceae;PAC001266_g;PAC001357_s,5,0.0086
PAC001525_g PAC001525_s,Bacteria;Firmicutes;Clostridia;Clostridiales;Lachnospiraceae;PAC001525_g;PAC001525_s,5,0.0086
PAC001043_g PAC001557_s,Bacteria;Firmicutes;Clostridia;Clostridiales;Lachnospiraceae;PAC001043_g;PAC001557_s,5,0.0086
Anaerotruncus PAC001590_s,Bacteria;Firmicutes;Clostridia;Clostridiales;Ruminococcaceae;Anaerotruncus;PAC001590_s,5,0.0086
PAC001266_g PAC001674_s,Bacteria;Actinobacteria;Coriobacteriia;Coriobacteriales;Coriobacteriaceae;PAC001266_g;PAC001674_s,5,0.0086
PAC001681_g PAC001755_s,Bacteria;Firmicutes;Clostridia;Clostridiales;Lachnospiraceae;PAC001681_g;PAC001755_s,5,0.0086
Sporosarcina PAC001979_s,Bacteria;Firmicutes;Bacilli;Bacillales;Planococcaceae;Sporosarcina;PAC001979_s,5,0.0086
PAC002314_g PAC002314_s,Bacteria;Firmicutes;Erysipelotrichi;Erysipelotrichales;Erysipelotrichaceae;PAC002314_g;PAC002314_s,5,0.0086
PAC002368_g PAC002368_s,Bacteria;Firmicutes;Clostridia;Clostridiales;Lachnospiraceae;PAC002368_g;PAC002368_s,5,0.0086
KE159605_g PAC002401_s group,Bacteria;Firmicutes;Clostridia;Clostridiales;Lachnospiraceae;KE159605_g;PAC002401_s group,5,0.0086
PAC000661_g PAC002422_s,Bacteria;Firmicutes;Clostridia;Clostridiales;Ruminococcaceae;PAC000661_g;PAC002422_s,5,0.0086
Frisingicoccus PAC002470_s,Bacteria;Firmicutes;Clostridia;Clostridiales;Lachnospiraceae;Frisingicoccus;PAC002470_s,5,0.0086
Alistipes finegoldii,Bacteria;Bacteroidetes;Bacteroidia;Bacteroidales;Rikenellaceae;Alistipes;Alistipes finegoldii,4,0.0069
Anaerotruncus colihominis,Bacteria;Firmicutes;Clostridia;Clostridiales;Ruminococcaceae;Anaerotruncus;Anaerotruncus colihominis,4,0.0069
Bacteroides finegoldii,Bacteria;Bacteroidetes;Bacteroidia;Bacteroidales;Bacteroidaceae;Bacteroides;Bacteroides finegoldii,4,0.0069
Bacteroides intestinalis,Bacteria;Bacteroidetes;Bacteroidia;Bacteroidales;Bacteroidaceae;Bacteroides;Bacteroides intestinalis,4,0.0069
Bacteroides stercorirosoris,Bacteria;Bacteroidetes;Bacteroidia;Bacteroidales;Bacteroidaceae;Bacteroides;Bacteroides stercorirosoris,4,0.0069
Clostridium indolis group,Bacteria;Firmicutes;Clostridia;Clostridiales;Lachnospiraceae;Clostridium_g34;Clostridium indolis group,4,0.0069
Clostridium_g24 DS990270_s,Bacteria;Firmicutes;Clostridia;Clostridiales;Lachnospiraceae;Clostridium_g24;DS990270_s,4,0.0069
Clostridium_g24 EU009769_s,Bacteria;Firmicutes;Clostridia;Clostridiales;Lachnospiraceae;Clostridium_g24;EU009769_s,4,0.0069
Oscillibacter EU454374_s,Bacteria;Firmicutes;Clostridia;Clostridiales;Ruminococcaceae;Oscillibacter;EU454374_s,4,0.0069
Phocea EU457191_s,Bacteria;Firmicutes;Clostridia;Clostridiales;Ruminococcaceae;Phocea;EU457191_s,4,0.0069
FMWZ_g EU475527_s,Bacteria;Firmicutes;Clostridia;Clostridiales;Lachnospiraceae;FMWZ_g;EU475527_s,4,0.0069
Pseudoflavonifractor EU542517_s,Bacteria;Firmicutes;Clostridia;Clostridiales;Ruminococcaceae;Pseudoflavonifractor;EU542517_s,4,0.0069
Oscillibacter FJ881219_s,Bacteria;Firmicutes;Clostridia;Clostridiales;Ruminococcaceae;Oscillibacter;FJ881219_s,4,0.0069
PAC001219_g HM124151_s,Bacteria;Firmicutes;Clostridia;Clostridiales;Christensenellaceae;PAC001219_g;HM124151_s,4,0.0069
PAC001091_g HM124223_s,Bacteria;Firmicutes;Clostridia;Clostridiales;Lachnospiraceae;PAC001091_g;HM124223_s,4,0.0069
Pseudoflavonifractor JQ084175_s,Bacteria;Firmicutes;Clostridia;Clostridiales;Ruminococcaceae;Pseudoflavonifractor;JQ084175_s,4,0.0069
KE159600_g KE159600_s,Bacteria;Firmicutes;Clostridia;Clostridiales;Lachnospiraceae;KE159600_g;KE159600_s,4,0.0069
Eisenbergiella KE992700_s,Bacteria;Firmicutes;Clostridia;Clostridiales;Lachnospiraceae;Eisenbergiella;KE992700_s,4,0.0069
Bacteroides LT707007_s,Bacteria;Bacteroidetes;Bacteroidia;Bacteroidales;Bacteroidaceae;Bacteroides;LT707007_s,4,0.0069
PAC001103_g PAC001103_s,Bacteria;Firmicutes;Clostridia;Clostridiales;Lachnospiraceae;PAC001103_g;PAC001103_s,4,0.0069
PAC001108_g PAC001108_s,Bacteria;Tenericutes;Mollicutes;PAC001057_o;PAC001057_f;PAC001108_g;PAC001108_s,4,0.0069
KE159600_g PAC001232_s,Bacteria;Firmicutes;Clostridia;Clostridiales;Lachnospiraceae;KE159600_g;PAC001232_s,4,0.0069
PAC001308_g PAC001308_s,Bacteria;Firmicutes;Clostridia;Clostridiales;Lachnospiraceae;PAC001308_g;PAC001308_s,4,0.0069
PAC001323_g PAC001323_s,Bacteria;Tenericutes;Mollicutes;PAC001057_o;PAC000197_f;PAC001323_g;PAC001323_s,4,0.0069
PAC001360_g PAC001443_s,Bacteria;Firmicutes;Clostridia;Clostridiales;Christensenellaceae;PAC001360_g;PAC001443_s,4,0.0069
Anaerotignum PAC001464_s,Bacteria;Firmicutes;Clostridia;Clostridiales;Lachnospiraceae;Anaerotignum;PAC001464_s,4,0.0069
KE159571_g PAC001555_s,Bacteria;Firmicutes;Clostridia;Clostridiales;Lachnospiraceae;KE159571_g;PAC001555_s,4,0.0069
Oscillibacter PAC001706_s,Bacteria;Firmicutes;Clostridia;Clostridiales;Ruminococcaceae;Oscillibacter;PAC001706_s,4,0.0069
Sporosarcina PAC001707_s,Bacteria;Firmicutes;Bacilli;Bacillales;Planococcaceae;Sporosarcina;PAC001707_s,4,0.0069
PAC000661_g PAC001716_s,Bacteria;Firmicutes;Clostridia;Clostridiales;Ruminococcaceae;PAC000661_g;PAC001716_s,4,0.0069
Eubacterium_g6 PAC001759_s,Bacteria;Firmicutes;Clostridia;Clostridiales;Lachnospiraceae;Eubacterium_g6;PAC001759_s,4,0.0069
KE159571_g PAC001933_s,Bacteria;Firmicutes;Clostridia;Clostridiales;Lachnospiraceae;KE159571_g;PAC001933_s,4,0.0069
Eubacterium_g6 PAC002177_s,Bacteria;Firmicutes;Clostridia;Clostridiales;Lachnospiraceae;Eubacterium_g6;PAC002177_s,4,0.0069
PAC001266_g PAC002419_s,Bacteria;Actinobacteria;Coriobacteriia;Coriobacteriales;Coriobacteriaceae;PAC001266_g;PAC002419_s,4,0.0069
PAC002454_g PAC002454_s,Bacteria;Firmicutes;Clostridia;Clostridiales;Lachnospiraceae;PAC002454_g;PAC002454_s,4,0.0069
Bilophila PAC002477_s,Bacteria;Proteobacteria;Deltaproteobacteria;Desulfovibrionales;Desulfovibrionaceae;Bilophila;PAC002477_s,4,0.0069
Sporosarcina koreensis group,Bacteria;Firmicutes;Bacilli;Bacillales;Planococcaceae;Sporosarcina;Sporosarcina koreensis group,4,0.0069
Acetatifactor muris,Bacteria;Firmicutes;Clostridia;Clostridiales;Lachnospiraceae;Acetatifactor;Acetatifactor muris,3,0.0052
Bacteroides oleiciplenus,Bacteria;Bacteroidetes;Bacteroidia;Bacteroidales;Bacteroidaceae;Bacteroides;Bacteroides oleiciplenus,3,0.0052
DQ673521_g DQ673521_s,Bacteria;Firmicutes;Clostridia;Clostridiales;Lachnospiraceae;DQ673521_g;DQ673521_s,3,0.0052
KE159571_g DQ815468_s,Bacteria;Firmicutes;Clostridia;Clostridiales;Lachnospiraceae;KE159571_g;DQ815468_s,3,0.0052
PAC000664_g EU504374_s,Bacteria;Firmicutes;Clostridia;Clostridiales;Lachnospiraceae;PAC000664_g;EU504374_s,3,0.0052
PAC001063_g EU510197_s,Bacteria;Bacteroidetes;Bacteroidia;Bacteroidales;Muribaculaceae;PAC001063_g;EU510197_s,3,0.0052
AB730688_g EU845632_s,Bacteria;Firmicutes;Clostridia;Clostridiales;Lachnospiraceae;AB730688_g;EU845632_s,3,0.0052
EU137610_g FJ680374_s,Bacteria;Firmicutes;Clostridia;Clostridiales;Lachnospiraceae;EU137610_g;FJ680374_s,3,0.0052
PAC001043_g FJ681675_s,Bacteria;Firmicutes;Clostridia;Clostridiales;Lachnospiraceae;PAC001043_g;FJ681675_s,3,0.0052
PAC001360_g HM844308_s,Bacteria;Firmicutes;Clostridia;Clostridiales;Christensenellaceae;PAC001360_g;HM844308_s,3,0.0052
Intestinimonas butyriciproducens,Bacteria;Firmicutes;Clostridia;Clostridiales;Ruminococcaceae;Pseudoflavonifractor;Intestinimonas butyriciproducens,3,0.0052
PAC000661_g JQ084169_s,Bacteria;Firmicutes;Clostridia;Clostridiales;Ruminococcaceae;PAC000661_g;JQ084169_s,3,0.0052
Lactobacillus jensenii group,Bacteria;Firmicutes;Bacilli;Lactobacillales;Lactobacillaceae;Lactobacillus;Lactobacillus jensenii group,3,0.0052
PAC000671_g PAC000671_s,Bacteria;Firmicutes;Clostridia;Clostridiales;Lachnospiraceae;PAC000671_g;PAC000671_s,3,0.0052
PAC000740_g PAC000740_s,Bacteria;Firmicutes;Clostridia;Clostridiales;Lachnospiraceae;PAC000740_g;PAC000740_s,3,0.0052
LLKB_g PAC001047_s,Bacteria;Firmicutes;Clostridia;Clostridiales;Lachnospiraceae;LLKB_g;PAC001047_s,3,0.0052
PAC001141_g PAC001141_s,Bacteria;Firmicutes;Clostridia;Clostridiales;Christensenellaceae;PAC001141_g;PAC001141_s,3,0.0052
PAC001141_g PAC001218_s,Bacteria;Firmicutes;Clostridia;Clostridiales;Christensenellaceae;PAC001141_g;PAC001218_s,3,0.0052
PAC000197_g PAC001407_s,Bacteria;Tenericutes;Mollicutes;PAC001057_o;PAC000197_f;PAC000197_g;PAC001407_s,3,0.0052
KE159600_g PAC001459_s,Bacteria;Firmicutes;Clostridia;Clostridiales;Lachnospiraceae;KE159600_g;PAC001459_s,3,0.0052
PAC000661_g PAC001565_s,Bacteria;Firmicutes;Clostridia;Clostridiales;Ruminococcaceae;PAC000661_g;PAC001565_s,3,0.0052
Pseudoflavonifractor PAC001667_s,Bacteria;Firmicutes;Clostridia;Clostridiales;Ruminococcaceae;Pseudoflavonifractor;PAC001667_s,3,0.0052
Atopostipes PAC001675_s,Bacteria;Firmicutes;Bacilli;Lactobacillales;Carnobacteriaceae;Atopostipes;PAC001675_s,3,0.0052
Anaerofustis PAC001779_s,Bacteria;Firmicutes;Clostridia;Clostridiales;Eubacteriaceae;Anaerofustis;PAC001779_s,3,0.0052
KE159571_g PAC002035_s,Bacteria;Firmicutes;Clostridia;Clostridiales;Lachnospiraceae;KE159571_g;PAC002035_s,3,0.0052
Oscillibacter PAC002372_s,Bacteria;Firmicutes;Clostridia;Clostridiales;Ruminococcaceae;Oscillibacter;PAC002372_s,3,0.0052
KE159571_g PAC002495_s,Bacteria;Firmicutes;Clostridia;Clostridiales;Lachnospiraceae;KE159571_g;PAC002495_s,3,0.0052
PAC002518_g PAC002518_s,Bacteria;Firmicutes;Clostridia;Clostridiales;Lachnospiraceae;PAC002518_g;PAC002518_s,3,0.0052
PAC001108_g PAC002553_s,Bacteria;Tenericutes;Mollicutes;PAC001057_o;PAC001057_f;PAC001108_g;PAC002553_s,3,0.0052
PAC000664_g AB626958_s,Bacteria;Firmicutes;Clostridia;Clostridiales;Lachnospiraceae;PAC000664_g;AB626958_s,2,0.0034
LLKB_g AF371672_s,Bacteria;Firmicutes;Clostridia;Clostridiales;Lachnospiraceae;LLKB_g;AF371672_s,2,0.0034
Adlercreutzia equolifaciens group,Bacteria;Actinobacteria;Coriobacteriia;Coriobacteriales;Coriobacteriaceae;Adlercreutzia;Adlercreutzia equolifaciens group,2,0.0034
PAC000661_g DQ394662_s,Bacteria;Firmicutes;Clostridia;Clostridiales;Ruminococcaceae;PAC000661_g;DQ394662_s,2,0.0034
Dorea massiliensis,Bacteria;Firmicutes;Clostridia;Clostridiales;Lachnospiraceae;Dorea;Dorea massiliensis,2,0.0034
Anaerotignum EF096613_s,Bacteria;Firmicutes;Clostridia;Clostridiales;Lachnospiraceae;Anaerotignum;EF096613_s,2,0.0034
Blautia EU463003_s,Bacteria;Firmicutes;Clostridia;Clostridiales;Lachnospiraceae;Blautia;EU463003_s,2,0.0034
Clostridium_g21 EU506235_s,Bacteria;Firmicutes;Clostridia;Clostridiales;Lachnospiraceae;Clostridium_g21;EU506235_s,2,0.0034
FR888536_g EU622705_s,Bacteria;Cyanobacteria;Vampirovibrio_c;FR888536_o;FR888536_f;FR888536_g;EU622705_s,2,0.0034
PAC000661_g EU842956_s,Bacteria;Firmicutes;Clostridia;Clostridiales;Ruminococcaceae;PAC000661_g;EU842956_s,2,0.0034
FJ880297_g FJ880297_s,Bacteria;Firmicutes;Clostridia;Clostridiales;Lachnospiraceae;FJ880297_g;FJ880297_s,2,0.0034
Pseudoflavonifractor HQ782969_s,Bacteria;Firmicutes;Clostridia;Clostridiales;Ruminococcaceae;Pseudoflavonifractor;HQ782969_s,2,0.0034
Bacteroides JN559675_s,Bacteria;Bacteroidetes;Bacteroidia;Bacteroidales;Bacteroidaceae;Bacteroides;JN559675_s,2,0.0034
Enteractinococcus JXOI_s,Bacteria;Actinobacteria;Actinobacteria_c;Micrococcales;Yaniellaceae;Enteractinococcus;JXOI_s,2,0.0034
KE159571_g KE159567_s,Bacteria;Firmicutes;Clostridia;Clostridiales;Lachnospiraceae;KE159571_g;KE159567_s,2,0.0034
Lactobacillus rodentium,Bacteria;Firmicutes;Bacilli;Lactobacillales;Lactobacillaceae;Lactobacillus;Lactobacillus rodentium,2,0.0034
Lactobacillus vaginalis,Bacteria;Firmicutes;Bacilli;Lactobacillales;Lactobacillaceae;Lactobacillus;Lactobacillus vaginalis,2,0.0034
Pseudoflavonifractor NFKI_s,Bacteria;Firmicutes;Clostridia;Clostridiales;Ruminococcaceae;Pseudoflavonifractor;NFKI_s,2,0.0034
Clostridium_g24 PAC000184_s,Bacteria;Firmicutes;Clostridia;Clostridiales;Lachnospiraceae;Clostridium_g24;PAC000184_s,2,0.0034
PAC000197_g PAC000197_s,Bacteria;Tenericutes;Mollicutes;PAC001057_o;PAC000197_f;PAC000197_g;PAC000197_s,2,0.0034
PAC000678_g PAC000678_s,Bacteria;Firmicutes;Clostridia;Clostridiales;Lachnospiraceae;PAC000678_g;PAC000678_s,2,0.0034
Bacteroides PAC001133_s,Bacteria;Bacteroidetes;Bacteroidia;Bacteroidales;Bacteroidaceae;Bacteroides;PAC001133_s,2,0.0034
Clostridium_g24 PAC001164_s,Bacteria;Firmicutes;Clostridia;Clostridiales;Lachnospiraceae;Clostridium_g24;PAC001164_s,2,0.0034
PAC001231_g PAC001231_s,Bacteria;Firmicutes;Clostridia;Clostridiales;Lachnospiraceae;PAC001231_g;PAC001231_s,2,0.0034
PAC001219_g PAC001280_s,Bacteria;Firmicutes;Clostridia;Clostridiales;Christensenellaceae;PAC001219_g;PAC001280_s,2,0.0034
Pseudoflavonifractor PAC001318_s,Bacteria;Firmicutes;Clostridia;Clostridiales;Ruminococcaceae;Pseudoflavonifractor;PAC001318_s,2,0.0034
PAC001386_g PAC001386_s,Bacteria;Firmicutes;Clostridia;Clostridiales;Lachnospiraceae;PAC001386_g;PAC001386_s,2,0.0034
PAC000748_g PAC001412_s,Bacteria;Firmicutes;Clostridia;Clostridiales;Ruminococcaceae;PAC000748_g;PAC001412_s,2,0.0034
Eubacterium_g23 PAC001490_s,Bacteria;Firmicutes;Clostridia;Clostridiales;Ruminococcaceae;Eubacterium_g23;PAC001490_s,2,0.0034
PAC001544_g PAC001544_s,Bacteria;Firmicutes;Clostridia;Clostridiales;Lachnospiraceae;PAC001544_g;PAC001544_s,2,0.0034
Eubacterium_g6 PAC001586_s,Bacteria;Firmicutes;Clostridia;Clostridiales;Lachnospiraceae;Eubacterium_g6;PAC001586_s,2,0.0034
PAC001092_g PAC001587_s,Bacteria;Firmicutes;Clostridia;Clostridiales;Lachnospiraceae;PAC001092_g;PAC001587_s,2,0.0034
PAC001588_g PAC001669_s,Bacteria;Firmicutes;Clostridia;Clostridiales;Lachnospiraceae;PAC001588_g;PAC001669_s,2,0.0034
Frisingicoccus PAC001702_s,Bacteria;Firmicutes;Clostridia;Clostridiales;Lachnospiraceae;Frisingicoccus;PAC001702_s,2,0.0034
KE159571_g PAC001705_s,Bacteria;Firmicutes;Clostridia;Clostridiales;Lachnospiraceae;KE159571_g;PAC001705_s,2,0.0034
PAC000661_g PAC001721_s,Bacteria;Firmicutes;Clostridia;Clostridiales;Ruminococcaceae;PAC000661_g;PAC001721_s,2,0.0034
PAC001762_g PAC001762_s,Bacteria;Firmicutes;Erysipelotrichi;Erysipelotrichales;Erysipelotrichaceae;PAC001762_g;PAC001762_s,2,0.0034
PAC001092_g PAC001811_s,Bacteria;Firmicutes;Clostridia;Clostridiales;Lachnospiraceae;PAC001092_g;PAC001811_s,2,0.0034
PAC002039_g PAC002039_s,Bacteria;Firmicutes;Clostridia;Clostridiales;Lachnospiraceae;PAC002039_g;PAC002039_s,2,0.0034
PAC001108_g PAC002140_s,Bacteria;Tenericutes;Mollicutes;PAC001057_o;PAC001057_f;PAC001108_g;PAC002140_s,2,0.0034
Bacillus PAC002381_s,Bacteria;Firmicutes;Bacilli;Bacillales;Bacillaceae;Bacillus;PAC002381_s,2,0.0034
Pseudoflavonifractor PAC002475_s,Bacteria;Firmicutes;Clostridia;Clostridiales;Ruminococcaceae;Pseudoflavonifractor;PAC002475_s,2,0.0034
Parasutterella PAC002476_s,Bacteria;Proteobacteria;Betaproteobacteria;Burkholderiales;Sutterellaceae;Parasutterella;PAC002476_s,2,0.0034
PAC000720_g PAC002507_s,Bacteria;Firmicutes;Clostridia;Clostridiales;Lachnospiraceae;PAC000720_g;PAC002507_s,2,0.0034
AB506319_g AB506319_s,Bacteria;Firmicutes;Clostridia;Clostridiales;Lachnospiraceae;AB506319_g;AB506319_s,1,0.0017
PAC001092_g AB626932_s,Bacteria;Firmicutes;Clostridia;Clostridiales;Lachnospiraceae;PAC001092_g;AB626932_s,1,0.0017
Pseudoflavonifractor ADDX_s,Bacteria;Firmicutes;Clostridia;Clostridiales;Ruminococcaceae;Pseudoflavonifractor;ADDX_s,1,0.0017
Akkermansia muciniphila,Bacteria;Verrucomicrobia;Verrucomicrobiae;Verrucomicrobiales;Akkermansiaceae;Akkermansia;Akkermansia muciniphila,1,0.0017
Clostridium_g24 BBZO_s,Bacteria;Firmicutes;Clostridia;Clostridiales;Lachnospiraceae;Clostridium_g24;BBZO_s,1,0.0017
PAC000661_g DQ394605_s,Bacteria;Firmicutes;Clostridia;Clostridiales;Ruminococcaceae;PAC000661_g;DQ394605_s,1,0.0017
PAC001308_g DQ815557_s,Bacteria;Firmicutes;Clostridia;Clostridiales;Lachnospiraceae;PAC001308_g;DQ815557_s,1,0.0017
KE159571_g DQ815878_s,Bacteria;Firmicutes;Clostridia;Clostridiales;Lachnospiraceae;KE159571_g;DQ815878_s,1,0.0017
Dialister invisus,Bacteria;Firmicutes;Negativicutes;Veillonellales;Veillonellaceae;Dialister;Dialister invisus,1,0.0017
PAC001068_g EF097112_s,Bacteria;Bacteroidetes;Bacteroidia;Bacteroidales;Muribaculaceae;PAC001068_g;EF097112_s,1,0.0017
KE159571_g EF099846_s,Bacteria;Firmicutes;Clostridia;Clostridiales;Lachnospiraceae;KE159571_g;EF099846_s,1,0.0017
EU137610_g EU137610_s,Bacteria;Firmicutes;Clostridia;Clostridiales;Lachnospiraceae;EU137610_g;EU137610_s,1,0.0017
PAC000198_g EU455014_s,Bacteria;Bacteroidetes;Bacteroidia;Bacteroidales;Muribaculaceae;PAC000198_g;EU455014_s,1,0.0017
Oscillibacter EU456461_s,Bacteria;Firmicutes;Clostridia;Clostridiales;Ruminococcaceae;Oscillibacter;EU456461_s,1,0.0017
Oscillibacter EU457459_s,Bacteria;Firmicutes;Clostridia;Clostridiales;Ruminococcaceae;Oscillibacter;EU457459_s,1,0.0017
EU474900_g EU474900_s,Bacteria;Firmicutes;Clostridia;Clostridiales;Lachnospiraceae;EU474900_g;EU474900_s,1,0.0017
PAC001165_g EU622677_s,Bacteria;Firmicutes;Clostridia;Clostridiales;Lachnospiraceae;PAC001165_g;EU622677_s,1,0.0017
Eubacterium_g24 EU622773_s,Bacteria;Firmicutes;Clostridia;Clostridiales;Lachnospiraceae;Eubacterium_g24;EU622773_s,1,0.0017
Pseudoflavonifractor EU773377_s,Bacteria;Firmicutes;Clostridia;Clostridiales;Ruminococcaceae;Pseudoflavonifractor;EU773377_s,1,0.0017
PAC001043_g EU939444_s,Bacteria;Firmicutes;Clostridia;Clostridiales;Lachnospiraceae;PAC001043_g;EU939444_s,1,0.0017
Escherichia coli group,Bacteria;Proteobacteria;Gammaproteobacteria;Enterobacterales;Enterobacteriaceae;Escherichia;Escherichia coli group,1,0.0017
Clostridium_g24 FJ364032_s,Bacteria;Firmicutes;Clostridia;Clostridiales;Lachnospiraceae;Clostridium_g24;FJ364032_s,1,0.0017
Pseudoflavonifractor FJ879818_s,Bacteria;Firmicutes;Clostridia;Clostridiales;Ruminococcaceae;Pseudoflavonifractor;FJ879818_s,1,0.0017
PAC000664_g FJ880975_s,Bacteria;Firmicutes;Clostridia;Clostridiales;Lachnospiraceae;PAC000664_g;FJ880975_s,1,0.0017
PAC000664_g FJ881116_s,Bacteria;Firmicutes;Clostridia;Clostridiales;Lachnospiraceae;PAC000664_g;FJ881116_s,1,0.0017
Frisingicoccus GQ448793_s,Bacteria;Firmicutes;Clostridia;Clostridiales;Lachnospiraceae;Frisingicoccus;GQ448793_s,1,0.0017
GQ451258_g GQ451237_s,Bacteria;Firmicutes;Clostridia;Clostridiales;Lachnospiraceae;GQ451258_g;GQ451237_s,1,0.0017
PAC000664_g HM124003_s,Bacteria;Firmicutes;Clostridia;Clostridiales;Lachnospiraceae;PAC000664_g;HM124003_s,1,0.0017
PAC001440_g HM124244_s,Bacteria;Firmicutes;Clostridia;Clostridiales;Christensenellaceae;PAC001440_g;HM124244_s,1,0.0017
PAC000661_g HM630249_s,Bacteria;Firmicutes;Clostridia;Clostridiales;Ruminococcaceae;PAC000661_g;HM630249_s,1,0.0017
Oscillibacter JX096390_s,Bacteria;Firmicutes;Clostridia;Clostridiales;Ruminococcaceae;Oscillibacter;JX096390_s,1,0.0017
Lactobacillus hamsteri,Bacteria;Firmicutes;Bacilli;Lactobacillales;Lactobacillaceae;Lactobacillus;Lactobacillus hamsteri,1,0.0017
Lactobacillus helveticus group,Bacteria;Firmicutes;Bacilli;Lactobacillales;Lactobacillaceae;Lactobacillus;Lactobacillus helveticus group,1,0.0017
Lactobacillus secaliphilus,Bacteria;Firmicutes;Bacilli;Lactobacillales;Lactobacillaceae;Lactobacillus;Lactobacillus secaliphilus,1,0.0017
PAC000687_g PAC000687_s,Bacteria;Firmicutes;Erysipelotrichi;Erysipelotrichales;Erysipelotrichaceae;PAC000687_g;PAC000687_s,1,0.0017
Eubacterium_g17 PAC001044_s,Bacteria;Firmicutes;Clostridia;Clostridiales;Lachnospiraceae;Eubacterium_g17;PAC001044_s,1,0.0017
PAC001109_g PAC001203_s,Bacteria;Tenericutes;Mollicutes;PAC001057_o;PAC001057_f;PAC001109_g;PAC001203_s,1,0.0017
Sporobacter PAC001257_s,Bacteria;Firmicutes;Clostridia;Clostridiales;Ruminococcaceae;Sporobacter;PAC001257_s,1,0.0017
Eubacterium_g17 PAC001380_s,Bacteria;Firmicutes;Clostridia;Clostridiales;Lachnospiraceae;Eubacterium_g17;PAC001380_s,1,0.0017
PAC001408_g PAC001408_s,Bacteria;Firmicutes;Clostridia;Clostridiales;Lachnospiraceae;PAC001408_g;PAC001408_s,1,0.0017
Atopostipes PAC001523_s,Bacteria;Firmicutes;Bacilli;Lactobacillales;Carnobacteriaceae;Atopostipes;PAC001523_s,1,0.0017
PAC000661_g PAC001624_s,Bacteria;Firmicutes;Clostridia;Clostridiales;Ruminococcaceae;PAC000661_g;PAC001624_s,1,0.0017
PAC001516_g PAC001741_s,Bacteria;Firmicutes;Clostridia;Clostridiales;Lachnospiraceae;PAC001516_g;PAC001741_s,1,0.0017
PAC000661_g PAC002012_s,Bacteria;Firmicutes;Clostridia;Clostridiales;Ruminococcaceae;PAC000661_g;PAC002012_s,1,0.0017
Harryflintia PAC002149_s,Bacteria;Firmicutes;Clostridia;Clostridiales;Ruminococcaceae;Harryflintia;PAC002149_s,1,0.0017
PAC002172_g PAC002172_s,Bacteria;Firmicutes;Clostridia;Clostridiales;Lachnospiraceae;PAC002172_g;PAC002172_s,1,0.0017
PAC001043_g PAC002439_s,Bacteria;Firmicutes;Clostridia;Clostridiales;Lachnospiraceae;PAC001043_g;PAC002439_s,1,0.0017
Alistipes PAC002445_s,Bacteria;Bacteroidetes;Bacteroidia;Bacteroidales;Rikenellaceae;Alistipes;PAC002445_s,1,0.0017
Ralstonia solanacearum group,Bacteria;Proteobacteria;Betaproteobacteria;Burkholderiales;Ralstonia_f;Ralstonia;Ralstonia solanacearum group,1,0.0017
Staphylococcus sciuri group,Bacteria;Firmicutes;Bacilli;Bacillales;Staphylococcaceae;Staphylococcus;Staphylococcus sciuri group,1,0.0017
Streptococcus acidominimus group,Bacteria;Firmicutes;Bacilli;Lactobacillales;Streptococcaceae;Streptococcus;Streptococcus acidominimus group,1,0.0017
